channel_title,channel_id,subscriber_count,video_count,total_views,video_titles
JJ Olatunji,UCGmnsW623G1r-Chmo5RB4Yw,16300000,1342,4242525295,I HAVE RETURNED!
Central Cee,UCV_CsAy5CNBX_uwDQ7RMe1Q,3650000,50,1200179245,CENTRAL CEE - CC FREESTYLE
PostMaloneVEVO,UCOhtMAg7xh8wv_wUHMgFc-Q,3850000,120,9837993631,Post Malone - I Had Some Help (feat. Morgan Wallen) (Official Video)
FREDOPG,UChCu7JmWByOod4xdH7IVJ_g,430000,48,302041743,Fredo - Top G (Official Video)
IceSpiceVEVO,UCCdbL-yl7Qa_vurbYWdn5SA,12900,22,333915496,Ice Spice - Gimmie A Light (Official Video)
JYP Entertainment,UCaO6TYtlC8U5ttz62hTrZgg,29100000,2071,22327667904,"Stray Kids ""Lose My Breath (Feat. Charlie Puth)"" M/V"
Megan Thee Stallion,UCKrdjiuS66yXOdEZ_cOD_TA,6100000,266,2779591704,Megan Thee Stallion - BOA [Official Video]
Clavish,UCGR9c3x1aWHzYE3_-r63aqQ,119000,83,79172167,Clavish ft D-Block Europe - Most Definitely (Official Video)
Charli XCX,UCOvEMf00DnwdkpOCRWdc6uA,2940000,246,1340011006,Charli XCX - 360 (Official Video)
DaFuq!?Boom!,UCsSsgPaZ2GSmO6il8Cb5iGA,41300000,291,16244063750,skibidi toilet 73 (full episode)
Bugzy Malone,UCLd_hRzn-yr9Nh73XNviNWg,672000,175,440243773,Bugzy Malone - Beauty & The Beast 2
Post Malone - Topic,UCyD3XWRK9ko-izf2nBSFitw,66200,1117,3953249029,I Had Some Help
STUDIO CHOOM [ìŠ¤íŠœë””ì˜¤ ì¶¤],UCEIi7zFR_wE23jFncVtd6-A,5170000,2264,3223930581,'Trendsetter' X 'HUMBLE.' covered by ENHYPEN NI-KI(ë‹ˆí‚¤) | May 2024 | Artist Of The Month (4K)
PearlescentMoon,UC1GJ5aeqpEWklMBQ3oXrPQQ,755000,266,57889431,Hermitcraft 10: Po Po Permit Purr Purr | Episode 14
This Morning,UChFsYLqPUyLiZnfRog6wiZA,2340000,14474,2168549838,Baby Reindeer's Real-Life Martha Speaks Out | This Morning
TVLine,UCL4NqoTi6xcQT4IzUzBwsLg,166000,1788,163535500,Young Sheldon 7x12 | George Dies
TheBeatlesVEVO,UC4dqLAF7yT-_DqeYisQ001w,1270000,74,3289896984,The Beatles - Let It Be
Rehaan Records,UCm9SZAl03Rev9sFwloCdz1g,6720000,156,3369653001,Goin Off (Official Video) Karan Aujla | Mxrci | Latest Punjabi Songs 2024
Nightcap,UCKnodHJpZd8UbSvAufDd3_g,1250000,1859,306391882,Shannon Sharpe reacts to Shaquille O'Neal calling Unc out for criticizing Jokic interview | Nightcap
STARZ,UCXVxMuWK6l_pCyxEk07EIRw,860000,6462,522354242,Power Book II: Ghost | Official Trailer | Season 4
Tee Grizzley,UCz015ho6P0Ooo7IZFyQU7fw,2440000,410,1232741221,Tee Grizzley - Swear to God (Feat. Future) [Official Video]
Paramount Pictures,UCF9imwPMSGz4Vq1NiTWCC7g,3450000,1847,2631590342,"A Quiet Place: Day One | Official Trailer 2 (2024 Movie) - Lupita Nyong'o, Joseph Quinn"
Billie Eilish,UCiGm_E4ZwYSHV3bcW1pnSeQ,49500000,113,15072438828,Billie Eilish x Fortnite (Featuring â€œCHIHIROâ€)
FX Networks,UC2dIDJBf9W88PxGm-uHZPaQ,478000,4992,434721451,"The Bear | S3 Official Teaser | Jeremy Allen White, Ayo Edebiri, Ebon Moss-Bachrach | FX"
beabadoobeeVEVO,UCBJn8qy6bI82Oh34kzHViPQ,15400,31,88217153,beabadoobee - Take A Bite (Official Music Video)
Evbo,UC1HL3TABt6QGd_P857BH_CA,2320000,143,795785816,Minecraft but I SUMMON the PARKOUR GOD
Ghost,UCAOiVaJJlH0Oduv48NN0mMA,2690000,137,1192161395,Ghost: Rite Here Rite Now | Official Film Trailer | Haunting Cinemas Worldwide June 20 & 22 only
MoreSidemen,UCh5mLn90vUaB1PbRRx_AiaA,8370000,1019,4301264352,SIDEMEN AMONG US BUT THE MAP CHANGES EVERY ROUND
CBS Sports Golazo,UCET00YnetHT7tOpu12v8jxg,1800000,7146,1892281043,Thierry Henry & Carragher discuss Madrid-Bayern's controversial ending! ğŸ˜³ | UCL Today | CBS Sports
Ski Mask The Slump God,UCdARoxad2UaIQPDy6fbz4Nw,1880000,38,650024568,Ski Mask The Slump God - Headrush (Official Video)
AYO Fishing,UCNsjdLTgAPIlVUldlPzG7rQ,666000,163,80918165,1v1v1 SHARK TANK Products Fishing Challenge!! Ft. FishingWithNorm
Aquarium Info,UCkXVK-XrnwznaqYx0aKGAtg,4640000,229,3011445497,Raising a Grocery Store Crab as a Pet
Broke,UCJaFuhqmVo-3cfSIEiVV6bg,73500,11,15624172,I Built The Amazing Digital Circus Episode 2 out of Lego!
Fanum Live,UCP45EebTGl1ISj2DX33A2Rg,2220000,1636,1183869617,Fanum Reunites With AMP On Stream..ğŸ˜‚
ì˜êµ­ë‚¨ì Korean Englishman,UCg-p3lQIqmhh7gHpyaOmOiQ,5960000,667,2267314230,British Students shave their heads for Korean Military Service
Hoovies Garage,UCdEczn3MVkx_4PnMZ10MVFA,1550000,657,452546439,TEARING APART my Tesla Cybertruck made my mechanic want to RETIRE!!! And we found something BROKEN?
FoundFlix,UCVWifhNM3tx877Z7h3ovtRA,2310000,505,783116365,LATE NIGHT WITH THE DEVIL (2024) Ending Explained
PM7,UCLc_ZQgQ8h2XKUAQpqcvIdw,906000,255,208414662,Pokemon Scarlet but They Randomly Evolve Every Level
Mike Shake,UC6ktP3PLU5sAJxN9Rb0TALg,3630000,126,685236945,I Made The Worldâ€™s Most Powerful Slingshot
More Aj,UC56CIdqj-Ski8Jt6brXGE3A,553000,51,50431940,Eating 100 Years Of Prison Lunch
Second Wind,UC1wZGocgLvopgOqBUFCyIJA,436000,327,22452613,Helldivers 2 | Fully Ramblomatic
Cinemassacre,UC0M0rxSz3IF0CsSour1iWmw,3810000,1834,2237565511,What Is the Best Castlevania? - 20th Anniversary of Angry Video Game Nerd (AVGN)
Our Tribe of Many,UC74U1KDtashP19m2U9eTshw,383000,1040,118365516,We got bad news
"Ryan Hall, Y'all",UCJHAT3Uvv-g3I8H3GhHWV7w,1900000,434,218731535,"The May 8, 2024 Severe Weather Outbreak, As It Happenedâ€¦"
Tango Tek,UC4YUKOBld2PoOLzk0YZ80lw,1140000,884,175222364,I'm a Corporate Sellout! - Hermitcraft 10 #11
Safiya Nygaard,UCbAwSkqJ1W_Eg7wr3cp5BUA,10000000,212,1966007424,I Tried Rug Tufting For The First Time
Family Island Game,UCxm8jnD1rYrT4271Qr3_44w,1880000,268,47298451,"Family Island: ğ…ğ‘ğ„ğ„ ğ„ğğ„ğ‘ğ†ğ˜ ğğ„ğ‹ğğ–! ğŸ| ğŸ”,ğŸ¬ğŸ¬ğŸ¬ ğ—˜ğ—»ğ—²ğ—¿ğ—´ğ˜† ğ—•ğ—¢ğ—¡ğ—¨ğ—¦: Count the bubbles for a chance to WIN! ğŸ«§"
The Try Guys,UCpi8TJfiA4lKGkaXs__YdBA,8050000,842,2659124516,We Made A Food Truck
NDL,UC9K44RtwiROAwCpALm1wdyQ,2500000,52,167965830,6 American People VS 2 Secret British People
ShortCircuit,UCdBK94H6oZT2Q7l0-b0xmMg,2260000,817,551634499,An ignorant rabbit r1 unboxing
